seq,robot_id,timestamp_ns,publish_time_ns,publish_dt_ms,x,y,yaw_rad,yaw_deg,v_linear,v_angular
0,go2,303865000000,1776176923927354119,,0.022855,-0.305546,2.433078,139.405104,0.000000,-0.009301
1,go2,303945000000,1776176924027434628,100.081,0.022855,-0.305546,2.432606,139.378032,0.000000,-0.032188
2,go2,304045000000,1776176924127445741,100.011,0.022855,-0.305546,2.433344,139.420324,0.000000,-0.000487
3,go2,304165000000,1776176924227381701,99.936,0.022855,-0.305546,2.433401,139.423593,0.000000,-0.001092
4,go2,304245000000,1776176924327430291,100.049,0.022855,-0.305546,2.433774,139.445007,0.000000,0.007130
5,go2,304345000000,1776176924427462315,100.032,0.022855,-0.305546,2.432795,139.388898,0.000000,-0.035784
6,go2,304465000000,1776176924527396099,99.934,0.022855,-0.305546,2.433135,139.408395,0.000000,0.002029
7,go2,304565000000,1776176924627274317,99.878,0.022855,-0.305546,2.433498,139.429159,0.000000,0.010902
8,go2,304645000000,1776176924727491257,100.217,0.022855,-0.305546,2.433755,139.443883,0.000000,0.006201
9,go2,304745000000,1776176924827424490,99.933,0.022855,-0.305546,2.433247,139.414800,0.000000,-0.014184
10,go2,304865000000,1776176924927402056,99.978,0.022855,-0.305546,2.433225,139.413546,0.000000,0.002243
11,go2,304945000000,1776176925027454800,100.053,0.022855,-0.305546,2.432672,139.381810,0.000000,-0.021014
12,go2,305045000000,1776176925127453881,99.999,0.022855,-0.305546,2.433265,139.415816,0.000000,-0.002718
13,go2,305165000000,1776176925227421335,99.967,0.022855,-0.305546,2.433899,139.452123,0.000000,0.008381
14,go2,305265000000,1776176925327312872,99.892,0.022855,-0.305546,2.433134,139.408316,0.000000,-0.008195
15,go2,305345000000,1776176925427454314,100.141,0.022855,-0.305546,2.433209,139.412611,0.000000,0.001275
16,go2,305445000000,1776176925527487678,100.033,0.022855,-0.305546,2.433385,139.422708,0.000000,0.010933
17,go2,305565000000,1776176925627381423,99.894,0.022855,-0.305546,2.433328,139.419402,0.000000,0.000806
18,go2,305645000000,1776176925727466428,100.085,0.022855,-0.305546,2.433515,139.430117,0.000000,0.003698
19,go2,305745000000,1776176925827454947,99.989,0.022855,-0.305546,2.433304,139.418025,0.000000,-0.012290
20,go2,305845000000,1776176925927456006,100.001,0.022855,-0.305546,2.433107,139.406791,0.000000,0.002203
21,go2,305965000000,1776176926027322943,99.867,0.022855,-0.305546,2.433448,139.426304,0.000000,0.000945
22,go2,306045000000,1776176926127423062,100.100,0.022855,-0.305546,2.433276,139.416434,0.000000,0.002628
23,go2,306140000000,1776176926227417121,99.994,0.022855,-0.305546,2.432985,139.399798,0.000000,-0.025070
24,go2,306245000000,1776176926327434534,100.017,0.022855,-0.305546,2.433516,139.430185,0.000000,-0.002584
25,go2,306345000000,1776176926427454570,100.020,0.022855,-0.305546,2.433231,139.413846,0.000000,0.000948
26,go2,306445000000,1776176926527456990,100.002,0.022855,-0.305546,2.433213,139.412832,0.000000,0.004797
27,go2,306545000000,1776176926627477009,100.020,0.022855,-0.305546,2.433026,139.402128,0.000000,-0.005755
28,go2,306665000000,1776176926727312970,99.836,0.022855,-0.305546,2.433759,139.444141,0.000000,0.002592
29,go2,306745000000,1776176926827597513,100.285,0.022855,-0.305546,2.432646,139.380366,0.000000,-0.032774
30,go2,306845000000,1776176926927427663,99.830,0.022855,-0.305546,2.434282,139.474108,0.000000,0.026033
31,go2,306940000000,1776176927027451568,100.024,0.022855,-0.305546,2.432343,139.362987,0.000000,-0.034728
32,go2,307040000000,1776176927127435813,99.984,0.022855,-0.305546,2.432750,139.386316,0.000000,-0.004561
33,go2,307140000000,1776176927227485625,100.050,0.022855,-0.305546,2.432794,139.388814,0.000000,-0.016448
34,go2,307240000000,1776176927327489946,100.004,0.022855,-0.305546,2.433934,139.454146,0.000000,0.017020
35,go2,307340000000,1776176927427851011,100.361,0.022855,-0.305546,2.433514,139.430064,0.000000,-0.010675
36,go2,307440000000,1776176927527450370,99.599,0.022855,-0.305546,2.433520,139.430443,0.000000,0.013428
37,go2,307540000000,1776176927627443270,99.993,0.022855,-0.305546,2.433224,139.413469,0.000000,-0.004034
38,go2,307640000000,1776176927727508084,100.065,0.022855,-0.305546,2.433482,139.428237,0.000000,0.009866
39,go2,307740000000,1776176927827419138,99.911,0.022855,-0.305546,2.433619,139.436090,0.000000,0.006075
40,go2,307840000000,1776176927927427819,100.009,0.022855,-0.305546,2.433474,139.427767,0.000000,0.005159
41,go2,307940000000,1776176928027437995,100.010,0.022855,-0.305546,2.433072,139.404742,0.000000,-0.005357
42,go2,308040000000,1776176928127485427,100.047,0.022855,-0.305546,2.433851,139.449388,0.000000,0.002641
43,go2,308140000000,1776176928227420759,99.935,0.022855,-0.305546,2.432942,139.397314,0.000000,-0.005100
44,go2,308240000000,1776176928327413959,99.993,0.022855,-0.305546,2.433574,139.433534,0.000000,0.020946
45,go2,308340000000,1776176928427431829,100.018,0.022855,-0.305546,2.433346,139.420450,0.000000,0.003349
46,go2,308440000000,1776176928527450152,100.018,0.022855,-0.305546,2.433149,139.409171,0.000000,-0.001393
47,go2,308540000000,1776176928627480734,100.031,0.022855,-0.305546,2.433161,139.409835,0.000000,0.003460
48,go2,308640000000,1776176928727428514,99.948,0.022855,-0.305546,2.433796,139.446260,0.000000,-0.000143
49,go2,308740000000,1776176928827449584,100.021,0.022855,-0.305546,2.433762,139.444312,0.000000,0.003579
50,go2,308840000000,1776176928927441827,99.992,0.022855,-0.305546,2.433551,139.432213,0.000000,0.003208
51,go2,308940000000,1776176929027473431,100.032,0.022855,-0.305546,2.432976,139.399271,0.000000,-0.004356
52,go2,309040000000,1776176929127449377,99.976,0.022855,-0.305546,2.433531,139.431038,0.000000,0.002002
53,go2,309140000000,1776176929227426028,99.977,0.022855,-0.305546,2.433952,139.455160,0.000000,-0.002574
54,go2,309240000000,1776176929327456321,100.030,0.022855,-0.305546,2.432893,139.394529,0.000000,-0.004986
55,go2,309340000000,1776176929427451834,99.996,0.022855,-0.305546,2.432845,139.391763,0.000000,-0.018535
56,go2,309440000000,1776176929527491883,100.040,0.022855,-0.305546,2.433243,139.414547,0.000000,0.002051
57,go2,309540000000,1776176929627428553,99.937,0.022855,-0.305546,2.433338,139.419970,0.000000,-0.012241
58,go2,309640000000,1776176929727492385,100.064,0.022855,-0.305546,2.434029,139.459609,0.000000,0.020488
59,go2,309740000000,1776176929827415729,99.923,0.022855,-0.305546,2.433219,139.413153,0.000000,-0.022831
60,go2,309840000000,1776176929927602183,100.186,0.022855,-0.305546,2.433427,139.425096,0.000000,0.006126
61,go2,309940000000,1776176930027473548,99.871,0.022855,-0.305546,2.433307,139.418215,0.000000,-0.020943
62,go2,310040000000,1776176930127449002,99.975,0.022855,-0.305546,2.433553,139.432334,0.000000,-0.010244
63,go2,310140000000,1776176930227550115,100.101,0.022855,-0.305546,2.433637,139.437102,0.000000,0.013065
64,go2,310240000000,1776176930327494628,99.945,0.022855,-0.305546,2.433263,139.415677,0.000000,-0.005972
65,go2,310340000000,1776176930427449564,99.955,0.022855,-0.305546,2.434358,139.478463,0.000000,0.013003
66,go2,310440000000,1776176930527437947,99.988,0.022855,-0.305546,2.433781,139.445389,0.000000,-0.008244
67,go2,310535000000,1776176930627425648,99.988,0.022855,-0.305546,2.433440,139.425825,0.000000,0.003430
68,go2,310635000000,1776176930727422919,99.997,0.022855,-0.305546,2.433761,139.444261,0.000000,0.010237
69,go2,310735000000,1776176930827427284,100.004,0.022855,-0.305546,2.433143,139.408823,0.000000,-0.015629
70,go2,310835000000,1776176930927445699,100.018,0.022855,-0.305546,2.434063,139.461537,0.000000,0.007220
71,go2,310935000000,1776176931027448829,100.003,0.022855,-0.305546,2.433705,139.441015,0.000000,-0.003978
72,go2,311035000000,1776176931127445620,99.997,0.022855,-0.305546,2.433913,139.452950,0.000000,0.018102
73,go2,311135000000,1776176931227458705,100.013,0.022855,-0.305546,2.432890,139.394307,0.000000,-0.030762
74,go2,311235000000,1776176931327462158,100.003,0.022855,-0.305546,2.433592,139.434547,0.000000,0.002691
75,go2,311335000000,1776176931427418230,99.956,0.022855,-0.305546,2.433893,139.451822,0.000000,0.000615
76,go2,311435000000,1776176931527421842,100.004,0.022855,-0.305546,2.433938,139.454402,0.000000,0.004713
77,go2,311535000000,1776176931627419868,99.998,0.022855,-0.305546,2.433329,139.419475,0.000000,-0.011578
78,go2,311635000000,1776176931727432733,100.013,0.022855,-0.305546,2.433344,139.420320,0.000000,-0.012573
79,go2,311735000000,1776176931827420137,99.987,0.022855,-0.305546,2.433921,139.453392,0.000000,0.004417
80,go2,311835000000,1776176931927382974,99.963,0.022855,-0.305546,2.434246,139.472017,0.000000,0.022630
81,go2,311955000000,1776176932027437248,100.054,0.022855,-0.305546,2.433577,139.433715,0.000000,-0.000742
82,go2,312035000000,1776176932127444483,100.007,0.022855,-0.305546,2.433480,139.428126,0.000000,-0.004792
83,go2,312135000000,1776176932227385352,99.941,0.022855,-0.305546,2.434046,139.460554,0.000000,0.010082
84,go2,312235000000,1776176932327409727,100.024,0.022855,-0.305546,2.434260,139.472844,0.000000,0.001763
85,go2,312355000000,1776176932427422845,100.013,0.022855,-0.305546,2.433281,139.416725,0.000000,-0.006825
86,go2,312435000000,1776176932527422618,100.000,0.022855,-0.305546,2.433575,139.433557,0.000000,-0.006763
87,go2,312535000000,1776176932627447573,100.025,0.022855,-0.305546,2.433513,139.430053,0.000000,-0.023502
88,go2,312635000000,1776176932727411231,99.964,0.022855,-0.305546,2.434206,139.469709,0.000000,0.008478
89,go2,312755000000,1776176932827424331,100.013,0.022855,-0.305546,2.433653,139.438067,0.000000,-0.017928
90,go2,312835000000,1776176932927462241,100.038,0.022855,-0.305546,2.433330,139.419553,0.000000,-0.007051
91,go2,312935000000,1776176933027419151,99.957,0.022855,-0.305546,2.433419,139.424621,0.000000,-0.013370
