seq,robot_id,source_timestamp_ns,adapter_receive_time_ns,adapter_publish_time_ns,adapter_publish_monotonic_ns,source_to_receive_ms,receive_to_publish_ms,publish_period_ms,x,y,z,yaw_rad,v_linear_x,v_linear_y,v_linear_z,v_angular_x,v_angular_y,v_angular_z
0,go2_001,5068760000000,1776851882074128731,1776851882088346817,29994335749419,1776846813314.129,14.218,,0.669468,-1.062132,0.000000,-1.559277,-0.026320,0.005212,0.000000,0.000000,0.000000,-1.308500
1,go2_001,5068820000000,1776851882137138636,1776851882138264717,29994385667041,1776846813317.139,1.126,49.918,0.669649,-1.059660,0.000000,-1.594467,-0.028484,0.005242,0.000000,0.000000,0.000000,-0.513947
2,go2_001,5068860000000,1776851882179159035,1776851882187992580,29994435394944,1776846813319.159,8.834,49.728,0.665671,-1.054607,0.000000,-1.608601,-0.038782,-0.003790,0.000000,0.000000,0.000000,-0.376222
3,go2_001,5068900000000,1776851882220098331,1776851882238052008,29994485454885,1776846813320.098,17.954,50.059,0.664693,-1.052532,0.000000,-1.625421,-0.040317,-0.005905,0.000000,0.000000,0.000000,-0.458997
4,go2_001,5068960000000,1776851882272935832,1776851882288307831,29994535710443,1776846813312.936,15.372,50.256,0.664983,-1.052561,0.000000,-1.647133,-0.034901,-0.005338,0.000000,0.000000,0.000000,-0.251695
5,go2_001,5069020000000,1776851882337515522,1776851882338241044,29994585643519,1776846813317.516,0.726,49.933,0.664583,-1.050183,0.000000,-1.627877,-0.035580,-0.006139,0.000000,0.000000,0.000000,0.260192
6,go2_001,5069055000000,1776851882378731443,1776851882388059334,29994635461898,1776846813323.731,9.328,49.818,0.664761,-1.049212,0.000000,-1.630501,-0.035057,-0.005543,0.000000,0.000000,0.000000,-0.082700
7,go2_001,5069100000000,1776851882420337841,1776851882437960941,29994685363432,1776846813320.338,17.623,49.902,0.663444,-1.049206,0.000000,-1.649381,-0.031353,-0.008559,0.000000,0.000000,0.000000,-0.373822
8,go2_001,5069155000000,1776851882482283718,1776851882487977850,29994735380270,1776846813327.284,5.694,50.017,0.663602,-1.049401,0.000000,-1.694581,-0.026937,-0.007627,0.000000,0.000000,0.000000,-0.835739
9,go2_001,5069215000000,1776851882524638689,1776851882537961624,29994785364151,1776846813309.639,13.323,49.984,0.663743,-1.049433,0.000000,-1.734522,-0.023043,-0.006823,0.000000,0.000000,0.000000,-0.936684
10,go2_001,5069255000000,1776851882576008581,1776851882587959497,29994835362527,1776846813321.009,11.951,49.998,0.664222,-1.048410,0.000000,-1.787622,-0.023189,-0.005492,0.000000,0.000000,0.000000,-1.187830
11,go2_001,5069295000000,1776851882620136374,1776851882637981481,29994885384350,1776846813325.136,17.845,50.022,0.664546,-1.046408,0.000000,-1.833794,-0.025674,-0.005198,0.000000,0.000000,0.000000,-0.741394
12,go2_001,5069355000000,1776851882682875683,1776851882688079663,29994935482205,1776846813327.875,5.204,50.098,0.665163,-1.045380,0.000000,-1.857962,-0.024385,-0.003918,0.000000,0.000000,0.000000,-0.372099
13,go2_001,5069415000000,1776851882725953205,1776851882738010714,29994985413597,1776846813310.953,12.058,49.931,0.665126,-1.044866,0.000000,-1.868681,-0.021985,-0.004206,0.000000,0.000000,0.000000,-0.290382
14,go2_001,5069450000000,1776851882766610818,1776851882788082285,29995035485037,1776846813316.611,21.471,50.072,0.665213,-1.045012,0.000000,-1.876740,-0.019744,-0.003895,0.000000,0.000000,0.000000,-0.270902
15,go2_001,5069510000000,1776851882831501384,1776851882838004629,29995085407137,1776846813321.501,6.503,49.922,0.667317,-1.040038,0.000000,-1.887665,-0.029299,-0.001613,0.000000,0.000000,0.000000,-0.175653
16,go2_001,5069570000000,1776851882885639385,1776851882887854488,29995135256907,1776846813315.639,2.215,49.850,0.666895,-1.035578,0.000000,-1.883010,-0.035004,-0.005028,0.000000,0.000000,0.000000,-0.061465
17,go2_001,5069610000000,1776851882927030996,1776851882938841537,29995186244353,1776846813317.031,11.811,50.987,0.673567,-1.033517,0.000000,-1.902887,-0.040483,0.009131,0.000000,0.000000,0.000000,-0.381764
18,go2_001,5069650000000,1776851882970826103,1776851882988064452,29995235467424,1776846813320.826,17.238,49.223,0.673624,-1.033644,0.000000,-1.931880,-0.036736,0.008370,0.000000,0.000000,0.000000,-0.659923
19,go2_001,5069705000000,1776851883032661107,1776851883038272368,29995285674907,1776846813327.661,5.611,50.208,0.673626,-1.033965,0.000000,-1.976628,-0.031679,0.007329,0.000000,0.000000,0.000000,-0.768921
20,go2_001,5069765000000,1776851883086957769,1776851883087904993,29995335307626,1776846813321.958,0.947,49.633,0.674973,-1.029015,0.000000,-2.044180,-0.039395,0.005272,0.000000,0.000000,0.000000,-1.071361
21,go2_001,5069805000000,1776851883127518056,1776851883137992128,29995385394682,1776846813322.518,10.474,50.087,0.676250,-1.027967,0.000000,-2.067032,-0.039349,0.006340,0.000000,0.000000,0.000000,-0.738623
22,go2_001,5069845000000,1776851883169679966,1776851883187979474,29995435382075,1776846813324.680,18.300,49.987,0.678083,-1.029263,0.000000,-2.083770,-0.034601,0.010605,0.000000,0.000000,0.000000,-0.403441
23,go2_001,5069885000000,1776851883211014407,1776851883238245288,29995485647693,1776846813326.014,27.231,50.266,0.678171,-1.029437,0.000000,-2.104194,-0.031309,0.009715,0.000000,0.000000,0.000000,-0.457178
24,go2_001,5069945000000,1776851883273032183,1776851883288098790,29995535501333,1776846813328.032,15.067,49.854,0.678275,-1.029669,0.000000,-2.131303,-0.026849,0.008505,0.000000,0.000000,0.000000,-0.477766
25,go2_001,5070005000000,1776851883334380645,1776851883338075018,29995585477474,1776846813329.381,3.694,49.976,0.681733,-1.027570,0.000000,-2.139881,-0.031330,0.012291,0.000000,0.000000,0.000000,-0.145849
26,go2_001,5070045000000,1776851883376066732,1776851883388129630,29995635532405,1776846813331.067,12.063,50.055,0.681275,-1.027438,0.000000,-2.140105,-0.028333,0.009922,0.000000,0.000000,0.000000,-0.055088
27,go2_001,5070085000000,1776851883408731390,1776851883438866819,29995686269910,1776846813323.731,30.135,50.737,0.678598,-1.025825,0.000000,-2.150258,-0.026104,0.001520,0.000000,0.000000,0.000000,-0.242002
28,go2_001,5070145000000,1776851883470896010,1776851883488278764,29995735681427,1776846813325.896,17.383,49.412,0.677809,-1.024726,0.000000,-2.173928,-0.023713,-0.001701,0.000000,0.000000,0.000000,-0.372786
29,go2_001,5070200000000,1776851883533521510,1776851883538248754,29995785652035,1776846813333.521,4.727,49.970,0.677822,-1.024934,0.000000,-2.216464,-0.020167,-0.001569,0.000000,0.000000,0.000000,-0.728285
30,go2_001,5070240000000,1776851883575139162,1776851883588174415,29995835578154,1776846813335.139,13.035,49.926,0.678636,-1.023867,0.000000,-2.263468,-0.021314,-0.001415,0.000000,0.000000,0.000000,-1.084358
31,go2_001,5070305000000,1776851883637247094,1776851883638081873,29995885484337,1776846813332.247,0.835,49.907,0.679442,-1.023582,0.000000,-2.313083,-0.019486,-0.000658,0.000000,0.000000,0.000000,-0.675681
32,go2_001,5070340000000,1776851883668559779,1776851883688199620,29995935602063,1776846813328.560,19.640,50.118,0.678391,-1.021656,0.000000,-2.326962,-0.020009,-0.005457,0.000000,0.000000,0.000000,-0.495222
33,go2_001,5070380000000,1776851883720969530,1776851883737990722,29995985393198,1776846813340.969,17.021,49.791,0.677909,-1.020114,0.000000,-2.346036,-0.020133,-0.008327,0.000000,0.000000,0.000000,-0.372073
34,go2_001,5070435000000,1776851883773145157,1776851883787988245,29996035390891,1776846813338.145,14.843,49.998,0.678006,-1.020309,0.000000,-2.365599,-0.017057,-0.007395,0.000000,0.000000,0.000000,-0.397422
35,go2_001,5070500000000,1776851883836714037,1776851883837938167,29996085340735,1776846813336.714,1.224,49.950,0.679018,-1.019138,0.000000,-2.374620,-0.017797,-0.006802,0.000000,0.000000,0.000000,-0.099324
36,go2_001,5070535000000,1776851883877921169,1776851883888150557,29996135553301,1776846813342.921,10.229,50.212,0.680060,-1.016340,0.000000,-2.376982,-0.022703,-0.009002,0.000000,0.000000,0.000000,-0.101910
37,go2_001,5070575000000,1776851883919873504,1776851883937974202,29996185376663,1776846813344.874,18.101,49.824,0.682263,-1.016565,0.000000,-2.391498,-0.023497,-0.004273,0.000000,0.000000,0.000000,-0.366598
38,go2_001,5070635000000,1776851883981578767,1776851883988150045,29996235552509,1776846813346.579,6.571,50.176,0.683547,-1.017166,0.000000,-2.431429,-0.021079,-0.001063,0.000000,0.000000,0.000000,-0.771139
39,go2_001,5070700000000,1776851884033973249,1776851884037980575,29996285382851,1776846813333.973,4.007,49.831,0.683659,-1.017225,0.000000,-2.479570,-0.017839,-0.000977,0.000000,0.000000,0.000000,-0.800622
40,go2_001,5070740000000,1776851884075239507,1776851884088478488,29996335880957,1776846813335.240,13.239,50.498,0.683581,-1.015581,0.000000,-2.513736,-0.018578,-0.004089,0.000000,0.000000,0.000000,-0.912195
41,go2_001,5070800000000,1776851884137866825,1776851884138105527,29996385507971,1776846813337.867,0.239,49.627,0.686258,-1.012952,0.000000,-2.578728,-0.024379,-0.004505,0.000000,0.000000,0.000000,-0.840412
42,go2_001,5070835000000,1776851884179326847,1776851884188003551,29996435406464,1776846813344.327,8.677,49.898,0.686324,-1.011403,0.000000,-2.597039,-0.024767,-0.007107,0.000000,0.000000,0.000000,-0.608991
43,go2_001,5070875000000,1776851884221524883,1776851884237933843,29996485336206,1776846813346.525,16.409,49.930,0.686857,-1.013497,0.000000,-2.617867,-0.020178,-0.002366,0.000000,0.000000,0.000000,-0.460586
44,go2_001,5070930000000,1776851884282643762,1776851884288168273,29996535572260,1776846813352.644,5.525,50.234,0.686856,-1.013714,0.000000,-2.638696,-0.017136,-0.002105,0.000000,0.000000,0.000000,-0.345261
45,go2_001,5070990000000,1776851884325094474,1776851884338007064,29996585410028,1776846813335.094,12.913,49.839,0.689173,-1.014168,0.000000,-2.648572,-0.018512,0.001839,0.000000,0.000000,0.000000,-0.181382
46,go2_001,5071030000000,1776851884368861380,1776851884388066985,29996635469355,1776846813338.861,19.206,50.060,0.694376,-1.011134,0.000000,-2.641394,-0.030744,0.002525,0.000000,0.000000,0.000000,0.149299
47,go2_001,5071075000000,1776851884421358464,1776851884437987285,29996685389636,1776846813346.359,16.629,49.920,0.700450,-1.011682,0.000000,-2.633914,-0.038818,0.010909,0.000000,0.000000,0.000000,0.043817
48,go2_001,5071135000000,1776851884486866175,1776851884488222479,29996735625512,1776846813351.866,1.356,50.235,0.708024,-1.013324,0.000000,-2.661498,-0.046406,0.021601,0.000000,0.000000,0.000000,-0.407564
49,go2_001,5071190000000,1776851884525357595,1776851884538037582,29996785440039,1776846813335.358,12.680,49.815,0.707635,-1.013550,0.000000,-2.691027,-0.040207,0.018986,0.000000,0.000000,0.000000,-0.480579
50,go2_001,5071230000000,1776851884567090069,1776851884588064811,29996835467392,1776846813337.090,20.975,50.027,0.709025,-1.014613,0.000000,-2.704774,-0.038594,0.020854,0.000000,0.000000,0.000000,-0.565480
51,go2_001,5071290000000,1776851884629229135,1776851884637937232,29996885339645,1776846813339.229,8.708,49.872,0.712877,-1.007649,0.000000,-2.755710,-0.049102,0.008459,0.000000,0.000000,0.000000,-0.776925
52,go2_001,5071330000000,1776851884670740627,1776851884687973339,29996935375792,1776846813340.741,17.233,50.036,0.715595,-1.007583,0.000000,-2.778542,-0.050746,0.010146,0.000000,0.000000,0.000000,-0.601243
53,go2_001,5071385000000,1776851884733005838,1776851884738223728,29996985626284,1776846813348.006,5.218,50.250,0.715274,-1.007952,0.000000,-2.809127,-0.044027,0.008875,0.000000,0.000000,0.000000,-0.582390
54,go2_001,5071445000000,1776851884785221144,1776851884788046734,29997035450763,1776846813340.221,2.826,49.823,0.715206,-1.008260,0.000000,-2.860869,-0.038106,0.007758,0.000000,0.000000,0.000000,-0.756033
55,go2_001,5071485000000,1776851884826388511,1776851884838251676,29997085654318,1776846813341.388,11.863,50.205,0.717235,-1.009892,0.000000,-2.865109,-0.037722,0.012194,0.000000,0.000000,0.000000,-0.220389
56,go2_001,5071525000000,1776851884868105073,1776851884888339138,29997135742493,1776846813343.105,20.234,50.087,0.716958,-1.010720,0.000000,-2.855165,-0.033117,0.012428,0.000000,0.000000,0.000000,0.101368
57,go2_001,5071580000000,1776851884930855218,1776851884938648989,29997186052053,1776846813350.855,7.794,50.310,0.714663,-1.007249,0.000000,-2.870288,-0.027032,0.001149,0.000000,0.000000,0.000000,-0.310884
58,go2_001,5071620000000,1776851884972237551,1776851884988002250,29997235404845,1776846813352.238,15.765,49.353,0.714491,-1.004708,0.000000,-2.888995,-0.026044,-0.004894,0.000000,0.000000,0.000000,-0.461467
59,go2_001,5071680000000,1776851885034050978,1776851885038042985,29997285445594,1776846813354.051,3.992,50.041,0.714491,-1.004846,0.000000,-2.919257,-0.022204,-0.004411,0.000000,0.000000,0.000000,-0.468826
60,go2_001,5071720000000,1776851885075404305,1776851885088328204,29997335730819,1776846813355.404,12.924,50.285,0.714263,-1.006675,0.000000,-2.950414,-0.018167,-0.000274,0.000000,0.000000,0.000000,-0.871463
61,go2_001,5071780000000,1776851885137574272,1776851885137981502,29997385384070,1776846813357.574,0.407,49.653,0.714019,-1.006294,0.000000,-3.027511,-0.014964,-0.001490,0.000000,0.000000,0.000000,-1.096402
62,go2_001,5071820000000,1776851885178594263,1776851885188016776,29997435419410,1776846813358.594,9.423,50.035,0.716334,-1.001311,0.000000,-3.052648,-0.021405,-0.011702,0.000000,0.000000,0.000000,-0.708452
63,go2_001,5071855000000,1776851885220156441,1776851885237985580,29997485388222,1776846813365.156,17.829,49.969,0.720641,-0.995687,0.000000,-3.072439,-0.032294,-0.021937,0.000000,0.000000,0.000000,-0.476880
64,go2_001,5071935000000,1776851885283024354,1776851885287982105,29997535384530,1776846813348.024,4.958,49.997,0.723190,-0.994296,0.000000,-3.109273,-0.032043,-0.021449,0.000000,0.000000,0.000000,-0.458058
65,go2_001,5071975000000,1776851885325061408,1776851885338247433,29997585649880,1776846813350.061,13.186,50.265,0.723257,-0.994476,0.000000,-3.102522,-0.028964,-0.019766,0.000000,0.000000,0.000000,-0.047180
66,go2_001,5072035000000,1776851885387186733,1776851885388077380,29997635479806,1776846813352.187,0.891,49.830,0.724010,-0.994723,0.000000,-3.105140,-0.026208,-0.017247,0.000000,0.000000,0.000000,-0.088351
67,go2_001,5072055000000,1776851885418105659,1776851885437989390,29997685391994,1776846813363.105,19.884,49.912,0.723902,-0.995100,0.000000,-3.112875,-0.024495,-0.015828,0.000000,0.000000,0.000000,-0.250146
68,go2_001,5072110000000,1776851885482440899,1776851885487977261,29997735379692,1776846813372.441,5.536,49.988,0.722015,-0.997839,0.000000,3.132236,-0.015973,-0.008820,0.000000,0.000000,0.000000,-0.605595
69,go2_001,5072170000000,1776851885523516918,1776851885538184325,29997785591829,1776846813353.517,14.667,50.207,0.722037,-0.997946,0.000000,3.095933,-0.013342,-0.007789,0.000000,0.000000,0.000000,-0.865036
70,go2_001,5072210000000,1776851885567271403,1776851885588001150,29997835403597,1776846813357.271,20.730,49.817,0.722052,-0.998017,0.000000,3.054298,-0.011764,-0.007163,0.000000,0.000000,0.000000,-0.937151
71,go2_001,5072270000000,1776851885630535851,1776851885638378600,29997885781780,1776846813360.536,7.843,50.377,0.721510,-1.001776,0.000000,2.985253,-0.007924,0.002551,0.000000,0.000000,0.000000,-1.155852
72,go2_001,5072305000000,1776851885673203345,1776851885687995506,29997935398038,1776846813368.203,14.792,49.617,0.719160,-1.003205,0.000000,2.948841,-0.001539,0.005582,0.000000,0.000000,0.000000,-0.895501
73,go2_001,5072365000000,1776851885723429698,1776851885737976518,29997985379055,1776846813358.430,14.547,49.981,0.715984,-1.004618,0.000000,2.916580,0.006524,0.008674,0.000000,0.000000,0.000000,-0.533328
74,go2_001,5072425000000,1776851885785867706,1776851885787901557,29998035304157,1776846813360.868,2.034,49.925,0.715861,-1.003790,0.000000,2.904883,0.006808,0.005908,0.000000,0.000000,0.000000,-0.181479
75,go2_001,5072465000000,1776851885827633521,1776851885838410337,29998085812831,1776846813362.634,10.777,50.509,0.715854,-1.003740,0.000000,2.900756,0.006728,0.005440,0.000000,0.000000,0.000000,-0.112504
76,go2_001,5072505000000,1776851885868913790,1776851885888004968,29998135407704,1776846813363.914,19.091,49.595,0.719651,-1.005594,0.000000,2.892525,-0.002917,0.008315,0.000000,0.000000,0.000000,-0.229138
77,go2_001,5072565000000,1776851885931299077,1776851885938206300,29998185609267,1776846813366.299,6.907,50.201,0.728740,-1.011898,0.000000,2.891848,-0.025375,0.018930,0.000000,0.000000,0.000000,-0.040996
78,go2_001,5072605000000,1776851885973559096,1776851885988772911,29998236175525,1776846813368.559,15.214,50.567,0.733366,-1.017907,0.000000,2.879245,-0.036323,0.029340,0.000000,0.000000,0.000000,-0.305982
79,go2_001,5072665000000,1776851886025490241,1776851886039621482,29998287024603,1776846813360.490,14.131,50.849,0.733112,-1.017930,0.000000,2.847027,-0.031401,0.025854,0.000000,0.000000,0.000000,-0.579466
80,go2_001,5072725000000,1776851886087772851,1776851886088251982,29998335654385,1776846813362.773,0.479,48.630,0.734109,-1.018514,0.000000,2.798560,-0.030255,0.023393,0.000000,0.000000,0.000000,-0.737514
81,go2_001,5072765000000,1776851886129300796,1776851886138008250,29998385411417,1776846813364.301,8.707,49.756,0.737304,-1.018315,0.000000,2.754727,-0.034925,0.019001,0.000000,0.000000,0.000000,-1.053998
82,go2_001,5072805000000,1776851886170636774,1776851886188031631,29998435434357,1776846813365.637,17.395,50.023,0.738945,-1.017983,0.000000,2.720626,-0.035632,0.015322,0.000000,0.000000,0.000000,-0.728895
83,go2_001,5072865000000,1776851886232452602,1776851886238062672,29998485465170,1776846813367.453,5.610,50.031,0.739146,-1.020629,0.000000,2.696380,-0.033460,0.018643,0.000000,0.000000,0.000000,-0.425046
84,go2_001,5072905000000,1776851886275030510,1776851886288466488,29998535869085,1776846813370.031,13.436,50.404,0.738939,-1.020686,0.000000,2.673645,-0.030308,0.017078,0.000000,0.000000,0.000000,-0.561231
85,go2_001,5072965000000,1776851886337526527,1776851886337964336,29998585367584,1776846813372.527,0.438,49.498,0.735663,-1.019530,0.000000,2.641417,-0.018455,0.014694,0.000000,0.000000,0.000000,-0.379031
86,go2_001,5073005000000,1776851886368637795,1776851886388354888,29998635757618,1776846813363.638,19.717,50.391,0.735599,-1.022597,0.000000,2.647153,-0.019443,0.020041,0.000000,0.000000,0.000000,-0.028523
87,go2_001,5073060000000,1776851886430792714,1776851886438163168,29998685565650,1776846813370.793,7.370,49.808,0.737329,-1.011240,0.000000,2.653717,-0.010446,-0.008011,0.000000,0.000000,0.000000,0.034076
88,go2_001,5073100000000,1776851886472723801,1776851886488811689,29998736214064,1776846813372.724,16.088,50.649,0.739036,-1.007572,0.000000,2.638180,-0.009305,-0.017043,0.000000,0.000000,0.000000,-0.338646
89,go2_001,5073160000000,1776851886535641433,1776851886538142951,29998785545613,1776846813375.641,2.502,49.331,0.740349,-1.007337,0.000000,2.609912,-0.009859,-0.017067,0.000000,0.000000,0.000000,-0.565630
90,go2_001,5073200000000,1776851886577727557,1776851886587996221,29998835399001,1776846813377.728,10.269,49.853,0.740351,-1.007419,0.000000,2.569169,-0.008629,-0.015764,0.000000,0.000000,0.000000,-0.872153
91,go2_001,5073235000000,1776851886620492169,1776851886639428399,29998886830989,1776846813385.492,18.936,51.432,0.738970,-1.008332,0.000000,2.520573,-0.005624,-0.011398,0.000000,0.000000,0.000000,-1.248242
92,go2_001,5073300000000,1776851886673868282,1776851886688167909,29998935570619,1776846813373.868,14.300,48.740,0.738934,-1.010215,0.000000,2.482363,-0.006177,-0.006418,0.000000,0.000000,0.000000,-0.661342
93,go2_001,5073355000000,1776851886736711139,1776851886737908050,29998985310598,1776846813381.711,1.197,49.740,0.738948,-1.009959,0.000000,2.460886,-0.004543,-0.006432,0.000000,0.000000,0.000000,-0.326900
94,go2_001,5073400000000,1776851886778692307,1776851886787964145,29999035366448,1776846813378.692,9.272,50.056,0.738984,-1.009993,0.000000,2.451106,-0.003726,-0.005971,0.000000,0.000000,0.000000,-0.177012
95,go2_001,5073435000000,1776851886821031196,1776851886837987996,29999085390398,1776846813386.031,16.957,50.024,0.739289,-1.010823,0.000000,2.439270,-0.004722,-0.004427,0.000000,0.000000,0.000000,-0.369434
96,go2_001,5073515000000,1776851886884681043,1776851886887985407,29999135388103,1776846813369.681,3.304,49.997,0.740305,-1.011999,0.000000,2.418592,-0.006832,-0.003081,0.000000,0.000000,0.000000,-0.207936
97,go2_001,5073535000000,1776851886925942315,1776851886938012332,29999185415546,1776846813390.942,12.070,50.027,0.741373,-1.012588,0.000000,2.420157,-0.009250,-0.003388,0.000000,0.000000,0.000000,-0.135112
98,go2_001,5073595000000,1776851886978074670,1776851886989596855,29999236999724,1776846813383.074,11.522,51.585,0.741567,-1.014104,0.000000,2.410715,-0.010112,-0.000589,0.000000,0.000000,0.000000,-0.248288
99,go2_001,5073635000000,1776851887019661463,1776851887038762123,29999286165062,1776846813384.662,19.101,49.165,0.741600,-1.012995,0.000000,2.383222,-0.007439,-0.002676,0.000000,0.000000,0.000000,-0.610538
100,go2_001,5073695000000,1776851887082399317,1776851887088417720,29999335820368,1776846813387.399,6.018,49.656,0.741566,-1.013024,0.000000,2.335066,-0.006016,-0.002396,0.000000,0.000000,0.000000,-0.752018
101,go2_001,5073750000000,1776851887124177105,1776851887139375891,29999386778502,1776846813374.177,15.199,50.958,0.742121,-1.014272,0.000000,2.289107,-0.007753,-0.000751,0.000000,0.000000,0.000000,-0.856430
102,go2_001,5073805000000,1776851887186276910,1776851887187974148,29999435377233,1776846813381.277,1.697,48.598,0.742521,-1.016393,0.000000,2.241274,-0.010425,0.002020,0.000000,0.000000,0.000000,-0.942798
103,go2_001,5073845000000,1776851887227085609,1776851887238158821,29999485561541,1776846813382.086,11.073,50.185,0.743353,-1.014625,0.000000,2.215603,-0.007711,-0.002485,0.000000,0.000000,0.000000,-0.632856
104,go2_001,5073885000000,1776851887268818973,1776851887288637578,29999536040063,1776846813383.819,19.819,50.479,0.742247,-1.014672,0.000000,2.196218,-0.005022,-0.000493,0.000000,0.000000,0.000000,-0.470371
105,go2_001,5073945000000,1776851887335964289,1776851887337908702,29999585311210,1776846813390.964,1.944,49.271,0.742216,-1.014694,0.000000,2.171000,-0.003929,-0.000463,0.000000,0.000000,0.000000,-0.350681
106,go2_001,5073985000000,1776851887376276697,1776851887388651172,29999636053943,1776846813391.277,12.374,50.742,0.742775,-1.015256,0.000000,2.164250,-0.005183,-0.000618,0.000000,0.000000,0.000000,-0.137674
107,go2_001,5074045000000,1776851887428182395,1776851887437965706,29999685368286,1776846813383.182,9.783,49.315,0.746232,-1.020452,0.000000,2.168016,-0.018341,0.000717,0.000000,0.000000,0.000000,0.064054
108,go2_001,5074065000000,1776851887448712338,1776851887488909878,29999736312822,1776846813383.712,40.198,50.944,0.746636,-1.021538,0.000000,2.171435,-0.020109,0.001488,0.000000,0.000000,0.000000,0.112403
109,go2_001,5074145000000,1776851887531469829,1776851887538189471,29999785592279,1776846813386.470,6.720,49.280,0.747006,-1.026917,0.000000,2.142540,-0.026402,0.007567,0.000000,0.000000,0.000000,-0.463327
110,go2_001,5074180000000,1776851887573207277,1776851887587998337,29999835401593,1776846813393.207,14.791,49.809,0.746880,-1.026768,0.000000,2.115165,-0.023948,0.006929,0.000000,0.000000,0.000000,-0.656486
111,go2_001,5074245000000,1776851887636056361,1776851887637951803,29999885354274,1776846813391.056,1.895,49.953,0.745727,-1.028457,0.000000,2.073843,-0.022457,0.010174,0.000000,0.000000,0.000000,-0.793086
112,go2_001,5074280000000,1776851887680199819,1776851887688085140,29999935492429,1776846813400.200,7.885,50.133,0.747685,-1.030704,0.000000,2.026055,-0.027730,0.008424,0.000000,0.000000,0.000000,-0.880172
113,go2_001,5074320000000,1776851887721134736,1776851887738049858,29999985452604,1776846813401.135,16.915,49.965,0.750316,-1.032486,0.000000,1.999275,-0.032306,0.004458,0.000000,0.000000,0.000000,-0.613643
114,go2_001,5074375000000,1776851887763363163,1776851887788038984,30000035442080,1776846813388.363,24.676,49.989,0.750472,-1.033249,0.000000,1.977585,-0.030246,0.004080,0.000000,0.000000,0.000000,-0.405908
115,go2_001,5074435000000,1776851887835700741,1776851887837922501,30000085325097,1776846813400.701,2.222,49.884,0.750260,-1.033251,0.000000,1.950311,-0.026203,0.003555,0.000000,0.000000,0.000000,-0.474436
116,go2_001,5074475000000,1776851887877813719,1776851887889087853,30000136490629,1776846813402.814,11.274,51.165,0.750153,-1.033670,0.000000,1.940642,-0.024687,0.003676,0.000000,0.000000,0.000000,-0.205627
117,go2_001,5074515000000,1776851887918559001,1776851887937987663,30000185390329,1776846813403.559,19.429,48.900,0.748816,-1.035975,0.000000,1.945764,-0.025935,0.008323,0.000000,0.000000,0.000000,0.051917
118,go2_001,5074575000000,1776851887983291475,1776851887988091457,30000235493853,1776846813408.292,4.800,50.104,0.754188,-1.034883,0.000000,1.939122,-0.025613,-0.005550,0.000000,0.000000,0.000000,-0.167015
119,go2_001,5074640000000,1776851888035028144,1776851888037952105,30000285354775,1776846813395.028,2.924,49.861,0.759996,-1.032886,0.000000,1.916428,-0.023210,-0.018902,0.000000,0.000000,0.000000,-0.297253
120,go2_001,5074680000000,1776851888076172296,1776851888087989925,30000335392545,1776846813396.172,11.818,50.038,0.759894,-1.032919,0.000000,1.896553,-0.020961,-0.017399,0.000000,0.000000,0.000000,-0.482260
121,go2_001,5074715000000,1776851888118416954,1776851888138069047,30000385471487,1776846813403.417,19.652,50.079,0.759693,-1.032890,0.000000,1.872363,-0.018915,-0.015989,0.000000,0.000000,0.000000,-0.650719
122,go2_001,5074775000000,1776851888180713226,1776851888188228582,30000435631141,1776846813405.713,7.515,50.160,0.758278,-1.032484,0.000000,1.796033,-0.014096,-0.011953,0.000000,0.000000,0.000000,-1.068050
123,go2_001,5074810000000,1776851888222005454,1776851888238125641,30000485528433,1776846813412.005,16.120,49.897,0.763635,-1.034411,0.000000,1.771275,-0.021337,-0.021855,0.000000,0.000000,0.000000,-0.663094
124,go2_001,5074895000000,1776851888286283075,1776851888288232550,30000535636988,1776846813391.283,1.949,50.107,0.771173,-1.040465,0.000000,1.739216,-0.034632,-0.030775,0.000000,0.000000,0.000000,-0.460705
125,go2_001,5074910000000,1776851888309571721,1776851888338017721,30000585420449,1776846813399.572,28.446,49.785,0.770895,-1.040388,0.000000,1.733859,-0.033005,-0.029451,0.000000,0.000000,0.000000,-0.420492
126,go2_001,5074990000000,1776851888384012949,1776851888388228133,30000635632102,1776846813394.013,4.215,50.210,0.770554,-1.040601,0.000000,1.723258,-0.027250,-0.024911,0.000000,0.000000,0.000000,0.045636
127,go2_001,5075030000000,1776851888425176394,1776851888437991545,30000685394065,1776846813395.177,12.815,49.763,0.772347,-1.041664,0.000000,1.722885,-0.027925,-0.026792,0.000000,0.000000,0.000000,0.003627
128,go2_001,5075070000000,1776851888468852524,1776851888488214977,30000735617441,1776846813398.853,19.362,50.223,0.769301,-1.042733,0.000000,1.715576,-0.026191,-0.017311,0.000000,0.000000,0.000000,-0.226643
129,go2_001,5075130000000,1776851888530818094,1776851888538116259,30000785518799,1776846813400.818,7.298,49.901,0.767998,-1.043606,0.000000,1.665164,-0.024086,-0.012283,0.000000,0.000000,0.000000,-0.667696
130,go2_001,5075165000000,1776851888573000672,1776851888588594527,30000835999925,1776846813408.001,15.594,50.478,0.767833,-1.043505,0.000000,1.643927,-0.021773,-0.011221,0.000000,0.000000,0.000000,-0.971120
131,go2_001,5075205000000,1776851888603620957,1776851888638455912,30000885858334,1776846813398.621,34.835,49.861,0.767729,-1.043528,0.000000,1.601614,-0.019656,-0.010265,0.000000,0.000000,0.000000,-0.960279
132,go2_001,5075285000000,1776851888686027734,1776851888688079846,30000935482550,1776846813401.028,2.052,49.624,0.766674,-1.044894,0.000000,1.517860,-0.018680,-0.006140,0.000000,0.000000,0.000000,-1.094689
133,go2_001,5075325000000,1776851888727482886,1776851888738032567,30000985434990,1776846813402.483,10.550,49.953,0.767180,-1.045393,0.000000,1.483979,-0.018063,-0.006966,0.000000,0.000000,0.000000,-0.905494
134,go2_001,5075360000000,1776851888769113997,1776851888788051524,30001035454022,1776846813409.114,18.938,50.019,0.766886,-1.043544,0.000000,1.460539,-0.011994,-0.006201,0.000000,0.000000,0.000000,-0.667887
135,go2_001,5075400000000,1776851888822031982,1776851888837998286,30001085400803,1776846813422.032,15.966,49.947,0.766801,-1.043567,0.000000,1.440466,-0.010658,-0.005635,0.000000,0.000000,0.000000,-0.424843
136,go2_001,5075460000000,1776851888873164731,1776851888888362527,30001135765179,1776846813413.165,15.198,50.364,0.766696,-1.043591,0.000000,1.430020,-0.008855,-0.004867,0.000000,0.000000,0.000000,-0.185200
137,go2_001,5075520000000,1776851888935629542,1776851888938062451,30001185465261,1776846813415.630,2.433,49.700,0.766515,-1.046890,0.000000,1.436944,-0.015074,-0.004136,0.000000,0.000000,0.000000,0.108005
138,go2_001,5075560000000,1776851888977124514,1776851888988479473,30001235882067,1776846813417.125,11.355,50.417,0.766937,-1.048620,0.000000,1.442754,-0.017558,-0.005052,0.000000,0.000000,0.000000,0.108661
139,go2_001,5075600000000,1776851889020140154,1776851889038163475,30001285566162,1776846813420.140,18.023,49.684,0.764845,-1.050746,0.000000,1.434291,-0.021160,-0.000028,0.000000,0.000000,0.000000,-0.262079
140,go2_001,5075675000000,1776851889084012161,1776851889088209140,30001335611696,1776846813409.012,4.197,50.046,0.764749,-1.050573,0.000000,1.375013,-0.017214,0.000113,0.000000,0.000000,0.000000,-0.796268
141,go2_001,5075715000000,1776851889137775055,1776851889138025823,30001385428316,1776846813422.775,0.251,49.817,0.764693,-1.050539,0.000000,1.335477,-0.015479,0.000178,0.000000,0.000000,0.000000,-0.927594
142,go2_001,5075755000000,1776851889179269442,1776851889188036365,30001435439537,1776846813424.270,8.767,50.011,0.765808,-1.052829,0.000000,1.277082,-0.019005,-0.003172,0.000000,0.000000,0.000000,-1.217761
143,go2_001,5075795000000,1776851889221232974,1776851889238477321,30001485879968,1776846813426.233,17.244,50.441,0.762228,-1.053052,0.000000,1.242525,-0.018934,0.005236,0.000000,0.000000,0.000000,-0.823632
144,go2_001,5075870000000,1776851889286354279,1776851889288066841,30001535471497,1776846813416.354,1.713,49.590,0.757352,-1.051104,0.000000,1.218308,-0.013521,0.016004,0.000000,0.000000,0.000000,-0.372794
145,go2_001,5075910000000,1776851889328754173,1776851889338514498,30001585917090,1776846813418.754,9.760,50.448,0.757536,-1.050246,0.000000,1.199886,-0.010228,0.014732,0.000000,0.000000,0.000000,-0.427890
146,go2_001,5075930000000,1776851889351386721,1776851889388224501,30001635627549,1776846813421.387,36.838,49.710,0.757536,-1.050198,0.000000,1.192866,-0.009628,0.014164,0.000000,0.000000,0.000000,-0.391056
147,go2_001,5076005000000,1776851889425474645,1776851889438074209,30001685477384,1776846813420.475,12.600,49.850,0.755303,-1.053063,0.000000,1.173520,-0.016006,0.015416,0.000000,0.000000,0.000000,-0.393472
148,go2_001,5076065000000,1776851889487956906,1776851889488290144,30001735692696,1776846813422.957,0.333,50.216,0.752670,-1.060231,0.000000,1.161732,-0.031680,0.014409,0.000000,0.000000,0.000000,-0.225842
149,go2_001,5076100000000,1776851889529890037,1776851889538029401,30001785432051,1776846813429.890,8.139,49.739,0.746303,-1.065193,0.000000,1.147554,-0.045346,0.023844,0.000000,0.000000,0.000000,-0.381243
150,go2_001,5076140000000,1776851889573122173,1776851889588242331,30001835645029,1776846813433.122,15.120,50.213,0.746227,-1.065012,0.000000,1.121730,-0.041427,0.021998,0.000000,0.000000,0.000000,-0.577100
151,go2_001,5076180000000,1776851889614702023,1776851889638071867,30001885474382,1776846813434.702,23.370,49.830,0.746160,-1.064834,0.000000,1.095843,-0.037792,0.020279,0.000000,0.000000,0.000000,-0.601374
152,go2_001,5076220000000,1776851889657094896,1776851889688002209,30001935404722,1776846813437.095,30.907,49.930,0.746100,-1.064656,0.000000,1.064613,-0.034425,0.018682,0.000000,0.000000,0.000000,-0.733657
153,go2_001,5076275000000,1776851889719583025,1776851889738086498,30001985489630,1776846813444.583,18.503,50.084,0.744599,-1.067507,0.000000,1.001993,-0.038134,0.016837,0.000000,0.000000,0.000000,-0.982658
154,go2_001,5076335000000,1776851889781982487,1776851889788197146,30002035599794,1776846813446.982,6.215,50.111,0.745005,-1.067988,0.000000,0.964664,-0.034322,0.012850,0.000000,0.000000,0.000000,-0.539249
155,go2_001,5076400000000,1776851889834154531,1776851889838103046,30002085505683,1776846813434.155,3.949,49.906,0.744745,-1.067801,0.000000,0.939247,-0.029743,0.011346,0.000000,0.000000,0.000000,-0.461016
156,go2_001,5076435000000,1776851889876849974,1776851889888006475,30002135408994,1776846813441.850,11.157,49.903,0.744815,-1.067552,0.000000,0.919086,-0.026945,0.010393,0.000000,0.000000,0.000000,-0.561356
157,go2_001,5076475000000,1776851889918374618,1776851889938195158,30002185597695,1776846813443.375,19.821,50.189,0.744373,-1.067855,0.000000,0.907027,-0.025809,0.009802,0.000000,0.000000,0.000000,-0.200853
158,go2_001,5076535000000,1776851889980959199,1776851889988136851,30002235539412,1776846813445.959,7.178,49.942,0.739084,-1.070682,0.000000,0.911776,-0.034391,0.014990,0.000000,0.000000,0.000000,0.062862
159,go2_001,5076575000000,1776851890022508260,1776851890037995191,30002285397767,1776846813447.508,15.487,49.858,0.743459,-1.071932,0.000000,0.907975,-0.028341,0.003235,0.000000,0.000000,0.000000,-0.106390
160,go2_001,5076655000000,1776851890085310507,1776851890088115236,30002335517551,1776846813430.310,2.805,50.120,0.746601,-1.074856,0.000000,0.881261,-0.024874,-0.006883,0.000000,0.000000,0.000000,-0.296414
161,go2_001,5076695000000,1776851890126940279,1776851890138067441,30002385469782,1776846813431.940,11.127,49.952,0.746556,-1.074784,0.000000,0.863616,-0.022457,-0.006366,0.000000,0.000000,0.000000,-0.579231
162,go2_001,5076735000000,1776851890178919538,1776851890189548634,30002436951181,1776846813443.920,10.629,51.481,0.746502,-1.074710,0.000000,0.814182,-0.020233,-0.005888,0.000000,0.000000,0.000000,-1.031534
163,go2_001,5076775000000,1776851890220344206,1776851890237984646,30002485387210,1776846813445.344,17.640,48.436,0.745644,-1.076365,0.000000,0.770450,-0.022509,-0.006500,0.000000,0.000000,0.000000,-0.994832
164,go2_001,5076850000000,1776851890283718030,1776851890287997637,30002535400170,1776846813433.718,4.280,50.013,0.745440,-1.075237,0.000000,0.721947,-0.016837,-0.004208,0.000000,0.000000,0.000000,-0.480080
165,go2_001,5076890000000,1776851890325296038,1776851890337992989,30002585395483,1776846813435.296,12.697,49.995,0.746619,-1.076294,0.000000,0.715713,-0.015131,-0.007751,0.000000,0.000000,0.000000,-0.322789
166,go2_001,5076945000000,1776851890386624741,1776851890388074813,30002635477354,1776846813441.625,1.450,50.082,0.746554,-1.076150,0.000000,0.701772,-0.012773,-0.006854,0.000000,0.000000,0.000000,-0.312875
167,go2_001,5076985000000,1776851890427803145,1776851890438169243,30002685571899,1776846813442.803,10.366,50.094,0.746503,-1.076112,0.000000,0.695251,-0.011352,-0.006329,0.000000,0.000000,0.000000,-0.094592
168,go2_001,5077025000000,1776851890470184196,1776851890488080736,30002735483180,1776846813445.184,17.897,49.911,0.745443,-1.078436,0.000000,0.686007,-0.015660,-0.008128,0.000000,0.000000,0.000000,-0.208847
169,go2_001,5077080000000,1776851890533164322,1776851890537945125,30002785347616,1776846813453.164,4.781,49.864,0.742255,-1.077494,0.000000,0.673863,-0.017324,-0.000576,0.000000,0.000000,0.000000,-0.353916
170,go2_001,5077125000000,1776851890576661850,1776851890588032487,30002835434999,1776846813451.662,11.371,50.087,0.743687,-1.077158,0.000000,0.653068,-0.012387,-0.002323,0.000000,0.000000,0.000000,-0.571733
171,go2_001,5077160000000,1776851890618778710,1776851890638226437,30002885628976,1776846813458.779,19.448,50.194,0.743707,-1.077073,0.000000,0.617715,-0.011031,-0.002140,0.000000,0.000000,0.000000,-0.817302
172,go2_001,5077220000000,1776851890671834388,1776851890688215698,30002935620971,1776846813451.834,16.381,49.989,0.743674,-1.077015,0.000000,0.572119,-0.009165,-0.001897,0.000000,0.000000,0.000000,-0.802989
173,go2_001,5077280000000,1776851890737982207,1776851890738255387,30002985658101,1776846813457.982,0.273,50.040,0.743542,-1.074707,0.000000,0.498957,-0.004263,0.002904,0.000000,0.000000,0.000000,-0.912380
174,go2_001,5077320000000,1776851890768925530,1776851890788558706,30003035961465,1776846813448.926,19.633,50.303,0.744123,-1.072169,0.000000,0.473413,0.000986,0.006536,0.000000,0.000000,0.000000,-0.715977
175,go2_001,5077380000000,1776851890832998153,1776851890839553137,30003086955783,1776846813452.998,6.555,50.994,0.746504,-1.066049,0.000000,0.441130,0.013885,0.014111,0.000000,0.000000,0.000000,-0.506335
176,go2_001,5077420000000,1776851890874820699,1776851890887969646,30003135372372,1776846813454.821,13.149,48.417,0.746600,-1.066122,0.000000,0.428227,0.013135,0.012970,0.000000,0.000000,0.000000,-0.338265
177,go2_001,5077480000000,1776851890937768078,1776851890938014052,30003185416482,1776846813457.768,0.246,50.044,0.746348,-1.066521,0.000000,0.417515,0.010980,0.011261,0.000000,0.000000,0.000000,-0.222101
178,go2_001,5077520000000,1776851890978556946,1776851890988019053,30003235421724,1776846813458.557,9.462,50.005,0.743938,-1.065666,0.000000,0.412104,0.006423,0.015066,0.000000,0.000000,0.000000,-0.057960
179,go2_001,5077555000000,1776851891021267781,1776851891038163338,30003285565867,1776846813466.268,16.896,50.144,0.738614,-1.068205,0.000000,0.422900,-0.007560,0.014956,0.000000,0.000000,0.000000,0.233106
180,go2_001,5077635000000,1776851891083354518,1776851891088208849,30003335611703,1776846813448.354,4.854,50.046,0.736237,-1.069535,0.000000,0.413261,-0.011961,0.012566,0.000000,0.000000,0.000000,-0.261786
181,go2_001,5077675000000,1776851891136066075,1776851891138113609,30003385516093,1776846813461.066,2.048,49.905,0.736280,-1.069516,0.000000,0.388389,-0.010693,0.011524,0.000000,0.000000,0.000000,-0.664161
182,go2_001,5077715000000,1776851891177164547,1776851891188366582,30003435769775,1776846813462.165,11.202,50.253,0.736327,-1.069485,0.000000,0.338742,-0.009528,0.010560,0.000000,0.000000,0.000000,-0.863378
183,go2_001,5077755000000,1776851891218882892,1776851891237974774,30003485377276,1776846813463.883,19.092,49.608,0.734096,-1.072140,0.000000,0.284584,-0.015997,0.006045,0.000000,0.000000,0.000000,-1.329677
184,go2_001,5077820000000,1776851891281999210,1776851891287991478,30003535394397,1776846813461.999,5.992,50.017,0.731944,-1.075108,0.000000,0.239216,-0.020819,0.000819,0.000000,0.000000,0.000000,-0.696815
185,go2_001,5077875000000,1776851891323553112,1776851891338268697,30003585671966,1776846813448.553,14.716,50.277,0.729221,-1.068246,0.000000,0.216932,-0.018639,0.017102,0.000000,0.000000,0.000000,-0.355659
186,go2_001,5077915000000,1776851891375252169,1776851891387975981,30003635378708,1776846813460.252,12.724,49.707,0.729325,-1.068163,0.000000,0.208621,-0.016834,0.015677,0.000000,0.000000,0.000000,-0.328198
187,go2_001,5077955000000,1776851891416850385,1776851891438352427,30003685755549,1776846813461.850,21.502,50.376,0.729420,-1.068094,0.000000,0.193935,-0.015173,0.014360,0.000000,0.000000,0.000000,-0.311112
188,go2_001,5078015000000,1776851891480090651,1776851891488048265,30003735451033,1776846813465.091,7.958,49.696,0.726989,-1.066343,0.000000,0.189829,-0.017422,0.017943,0.000000,0.000000,0.000000,0.000341
189,go2_001,5078055000000,1776851891523055349,1776851891537935574,30003785338259,1776846813468.055,14.880,49.887,0.724387,-1.067372,0.000000,0.193561,-0.022434,0.015704,0.000000,0.000000,0.000000,0.042590
190,go2_001,5078130000000,1776851891585159718,1776851891588830232,30003836233402,1776846813455.160,3.671,50.895,0.717443,-1.067111,0.000000,0.176735,-0.034019,0.017769,0.000000,0.000000,0.000000,-0.369770
191,go2_001,5078165000000,1776851891628525837,1776851891638117506,30003885519981,1776846813463.526,9.592,49.287,0.717707,-1.067101,0.000000,0.159494,-0.030977,0.016254,0.000000,0.000000,0.000000,-0.475018
192,go2_001,5078210000000,1776851891670548269,1776851891687969774,30003935372641,1776846813460.548,17.422,49.852,0.717638,-1.066981,0.000000,0.131577,-0.028211,0.014897,0.000000,0.000000,0.000000,-0.605830
193,go2_001,5078265000000,1776851891732974000,1776851891738199448,30003985601981,1776846813467.974,5.225,50.230,0.716991,-1.067651,0.000000,0.060154,-0.026945,0.011400,0.000000,0.000000,0.000000,-1.332851
194,go2_001,5078305000000,1776851891773936875,1776851891788108066,30004035510681,1776846813468.937,14.171,49.909,0.716590,-1.069540,0.000000,0.020669,-0.026406,0.005944,0.000000,0.000000,0.000000,-0.948578
195,go2_001,5078345000000,1776851891816969335,1776851891838107786,30004085510597,1776846813471.969,21.138,50.000,0.712196,-1.072207,0.000000,-0.001657,-0.035340,0.000351,0.000000,0.000000,0.000000,-0.552794
196,go2_001,5078405000000,1776851891869307377,1776851891888052334,30004135455561,1776846813464.307,18.745,49.945,0.712279,-1.071934,0.000000,-0.022983,-0.030698,0.000168,0.000000,0.000000,0.000000,-0.363097
197,go2_001,5078465000000,1776851891933721077,1776851891938083020,30004185488129,1776846813468.721,4.362,50.031,0.712360,-1.071714,0.000000,-0.041429,-0.026578,0.000011,0.000000,0.000000,0.000000,-0.204426
198,go2_001,5078500000000,1776851891976149041,1776851891988492330,30004235895569,1776846813476.149,12.343,50.409,0.710439,-1.070673,0.000000,-0.037898,-0.028884,0.002485,0.000000,0.000000,0.000000,0.042162
199,go2_001,5078540000000,1776851892017798806,1776851892038298863,30004285703506,1776846813477.799,20.500,49.807,0.709907,-1.070527,0.000000,-0.025001,-0.027612,0.002389,0.000000,0.000000,0.000000,0.222662
200,go2_001,5078600000000,1776851892080572465,1776851892087949426,30004335352532,1776846813480.573,7.377,49.651,0.710137,-1.076197,0.000000,-0.046127,-0.023839,-0.011556,0.000000,0.000000,0.000000,-0.370931
201,go2_001,5078660000000,1776851892132522988,1776851892138035909,30004385439119,1776846813472.523,5.513,50.086,0.708173,-1.078424,0.000000,-0.067370,-0.025093,-0.015445,0.000000,0.000000,0.000000,-0.410320
202,go2_001,5078700000000,1776851892175127365,1776851892191004823,30004438407531,1776846813475.127,15.877,52.969,0.708185,-1.078327,0.000000,-0.096524,-0.022718,-0.014284,0.000000,0.000000,0.000000,-0.582566
203,go2_001,5078745000000,1776851892217076939,1776851892238060058,30004485464273,1776846813472.077,20.983,47.055,0.709010,-1.076665,0.000000,-0.142297,-0.018425,-0.009289,0.000000,0.000000,0.000000,-1.194855
204,go2_001,5078800000000,1776851892279583607,1776851892288273465,30004535678763,1776846813479.583,8.690,50.213,0.708877,-1.077822,0.000000,-0.194530,-0.016152,-0.011505,0.000000,0.000000,0.000000,-0.756127
205,go2_001,5078860000000,1776851892335161812,1776851892338046961,30004585449442,1776846813475.162,2.885,49.773,0.702514,-1.082236,0.000000,-0.222967,-0.027437,-0.022057,0.000000,0.000000,0.000000,-0.490215
206,go2_001,5078900000000,1776851892376732340,1776851892388301244,30004635703589,1776846813476.732,11.569,50.254,0.700200,-1.082849,0.000000,-0.244085,-0.029923,-0.022747,0.000000,0.000000,0.000000,-0.419882
207,go2_001,5078935000000,1776851892417810459,1776851892438053764,30004685456316,1776846813482.810,20.243,49.753,0.700348,-1.082585,0.000000,-0.254248,-0.027146,-0.020912,0.000000,0.000000,0.000000,-0.329917
208,go2_001,5078995000000,1776851892480249904,1776851892487927247,30004735329969,1776846813485.250,7.677,49.873,0.699657,-1.082152,0.000000,-0.247609,-0.025111,-0.018273,0.000000,0.000000,0.000000,0.116963
209,go2_001,5079040000000,1776851892522318818,1776851892538116906,30004785519610,1776846813482.319,15.798,50.190,0.699288,-1.081950,0.000000,-0.242653,-0.023331,-0.016669,0.000000,0.000000,0.000000,0.104133
210,go2_001,5079095000000,1776851892563786989,1776851892588048986,30004835451638,1776846813468.787,24.262,49.932,0.699053,-1.079912,0.000000,-0.252341,-0.021853,-0.010485,0.000000,0.000000,0.000000,-0.242904
211,go2_001,5079135000000,1776851892616338038,1776851892638136371,30004885538969,1776846813481.338,21.798,50.087,0.700085,-1.081035,0.000000,-0.278654,-0.016914,-0.011838,0.000000,0.000000,0.000000,-0.624630
212,go2_001,5079195000000,1776851892681837717,1776851892688024001,30004935426545,1776846813486.838,6.186,49.888,0.700109,-1.080930,0.000000,-0.341022,-0.014368,-0.010437,0.000000,0.000000,0.000000,-1.001311
213,go2_001,5079250000000,1776851892723961635,1776851892737984981,30004985387553,1776846813473.962,14.023,49.961,0.699336,-1.081589,0.000000,-0.394484,-0.013533,-0.011409,0.000000,0.000000,0.000000,-0.996646
214,go2_001,5079310000000,1776851892787567904,1776851892787870893,30005035273448,1776846813477.568,0.303,49.886,0.704414,-1.075487,0.000000,-0.438846,-0.003993,0.006577,0.000000,0.000000,0.000000,-0.642850
215,go2_001,5079350000000,1776851892831670849,1776851892838172413,30005085575323,1776846813481.671,6.502,50.302,0.705837,-1.075124,0.000000,-0.463030,-0.000412,0.007989,0.000000,0.000000,0.000000,-0.552932
216,go2_001,5079410000000,1776851892883570868,1776851892888214095,30005135616588,1776846813473.571,4.643,50.042,0.706793,-1.075047,0.000000,-0.491056,0.001986,0.008000,0.000000,0.000000,0.000000,-0.400391
217,go2_001,5079450000000,1776851892928011301,1776851892938143046,30005185545692,1776846813478.011,10.132,49.929,0.706809,-1.075083,0.000000,-0.493468,0.002177,0.007369,0.000000,0.000000,0.000000,-0.247774
218,go2_001,5079485000000,1776851892968605108,1776851892987983456,30005235385989,1776846813483.605,19.378,49.840,0.706294,-1.074758,0.000000,-0.501528,0.000834,0.007169,0.000000,0.000000,0.000000,-0.238285
219,go2_001,5079525000000,1776851893012588576,1776851893037967372,30005285369916,1776846813487.589,25.379,49.984,0.701175,-1.071405,0.000000,-0.514524,-0.013161,0.009117,0.000000,0.000000,0.000000,-0.264566
220,go2_001,5079575000000,1776851893073937476,1776851893088220596,30005335623230,1776846813498.938,14.283,50.253,0.695908,-1.068176,0.000000,-0.520616,-0.025956,0.009984,0.000000,0.000000,0.000000,-0.235367
221,go2_001,5079640000000,1776851893136822735,1776851893137880329,30005385282922,1776846813496.823,1.058,49.660,0.695074,-1.066317,0.000000,-0.554798,-0.025903,0.011419,0.000000,0.000000,0.000000,-0.561940
222,go2_001,5079680000000,1776851893177994340,1776851893188180177,30005435582778,1776846813497.994,10.186,50.300,0.695179,-1.066288,0.000000,-0.584014,-0.023523,0.010510,0.000000,0.000000,0.000000,-0.601033
223,go2_001,5079720000000,1776851893219626275,1776851893237977702,30005485380186,1776846813499.626,18.351,49.798,0.696826,-1.065485,0.000000,-0.601483,-0.018924,0.013092,0.000000,0.000000,0.000000,-0.540560
224,go2_001,5079780000000,1776851893283261144,1776851893288081890,30005535484434,1776846813503.261,4.821,50.104,0.694076,-1.063510,0.000000,-0.668151,-0.024316,0.012113,0.000000,0.000000,0.000000,-0.964025
225,go2_001,5079835000000,1776851893334204269,1776851893337922835,30005585325194,1776846813499.204,3.719,49.841,0.695890,-1.060548,0.000000,-0.701715,-0.021413,0.018889,0.000000,0.000000,0.000000,-0.625234
226,go2_001,5079875000000,1776851893377371719,1776851893388079783,30005635483070,1776846813502.372,10.708,50.157,0.698270,-1.058872,0.000000,-0.722389,-0.017147,0.023461,0.000000,0.000000,0.000000,-0.546811
227,go2_001,5079915000000,1776851893421691962,1776851893438524308,30005685926813,1776846813506.692,16.832,50.445,0.698419,-1.058919,0.000000,-0.744505,-0.015438,0.021559,0.000000,0.000000,0.000000,-0.548328
228,go2_001,5079975000000,1776851893484250776,1776851893487982687,30005735385425,1776846813509.251,3.732,49.458,0.698183,-1.058712,0.000000,-0.765011,-0.014368,0.018895,0.000000,0.000000,0.000000,-0.107524
229,go2_001,5080015000000,1776851893516647263,1776851893538022794,30005785425481,1776846813501.647,21.376,50.040,0.697459,-1.054431,0.000000,-0.762436,-0.020666,0.024254,0.000000,0.000000,0.000000,0.038723
230,go2_001,5080075000000,1776851893580502977,1776851893588379637,30005835782927,1776846813505.503,7.877,50.357,0.695399,-1.055482,0.000000,-0.762214,-0.020293,0.016222,0.000000,0.000000,0.000000,-0.074243
231,go2_001,5080110000000,1776851893621940922,1776851893638006985,30005885409464,1776846813511.941,16.066,49.627,0.690908,-1.058562,0.000000,-0.776143,-0.022243,0.002574,0.000000,0.000000,0.000000,-0.321849
232,go2_001,5080195000000,1776851893685982241,1776851893687989490,30005935391921,1776846813490.982,2.007,49.983,0.690982,-1.058457,0.000000,-0.818833,-0.018169,0.002036,0.000000,0.000000,0.000000,-0.678351
233,go2_001,5080235000000,1776851893727659434,1776851893737989659,30005985392109,1776846813492.659,10.330,50.000,0.692719,-1.057719,0.000000,-0.854855,-0.014607,0.005820,0.000000,0.000000,0.000000,-1.026279
234,go2_001,5080275000000,1776851893781299692,1776851893787997839,30006035400347,1776846813506.300,6.698,50.008,0.693425,-1.057395,0.000000,-0.912987,-0.012557,0.006880,0.000000,0.000000,0.000000,-1.032160
235,go2_001,5080335000000,1776851893823613786,1776851893838074705,30006085477264,1776846813488.614,14.461,50.077,0.690445,-1.056914,0.000000,-0.948537,-0.016473,0.001558,0.000000,0.000000,0.000000,-0.625725
236,go2_001,5080390000000,1776851893886925891,1776851893887936415,30006135338848,1776846813496.926,1.011,49.862,0.686659,-1.055550,0.000000,-0.964999,-0.022498,-0.003222,0.000000,0.000000,0.000000,-0.375477
237,go2_001,5080430000000,1776851893936567117,1776851893938155071,30006185557401,1776846813506.567,1.588,50.219,0.686759,-1.055500,0.000000,-0.975525,-0.020361,-0.003035,0.000000,0.000000,0.000000,-0.347542
238,go2_001,5080470000000,1776851893968396188,1776851893988295445,30006235697960,1776846813498.396,19.899,50.140,0.686849,-1.055460,0.000000,-0.986473,-0.018390,-0.002860,0.000000,0.000000,0.000000,-0.307429
239,go2_001,5080530000000,1776851894030696929,1776851894038222535,30006285624978,1776846813500.697,7.526,49.927,0.684529,-1.054104,0.000000,-0.988363,-0.021690,-0.005210,0.000000,0.000000,0.000000,-0.098905
240,go2_001,5080550000000,1776851894052308368,1776851894088031530,30006335433970,1776846813502.308,35.723,49.809,0.683514,-1.053479,0.000000,-0.992300,-0.023346,-0.006130,0.000000,0.000000,0.000000,-0.176863
241,go2_001,5080625000000,1776851894124705600,1776851894137985125,30006385387758,1776846813499.706,13.280,49.954,0.685439,-1.049174,0.000000,-1.037717,-0.024559,0.003500,0.000000,0.000000,0.000000,-0.712098
242,go2_001,5080665000000,1776851894166602577,1776851894187986718,30006435389061,1776846813501.603,21.384,50.002,0.685537,-1.049174,0.000000,-1.073353,-0.022258,0.003164,0.000000,0.000000,0.000000,-0.919581
243,go2_001,5080730000000,1776851894231267266,1776851894237943067,30006485345612,1776846813501.267,6.676,49.956,0.683928,-1.049172,0.000000,-1.130972,-0.021203,-0.000911,0.000000,0.000000,0.000000,-0.804272
244,go2_001,5080765000000,1776851894272591176,1776851894288089096,30006535491607,1776846813507.591,15.498,50.146,0.682545,-1.046873,0.000000,-1.177051,-0.025753,-0.000973,0.000000,0.000000,0.000000,-1.132769
245,go2_001,5080825000000,1776851894335290276,1776851894337983850,30006585386777,1776846813510.290,2.694,49.895,0.680687,-1.045288,0.000000,-1.222089,-0.027829,-0.003555,0.000000,0.000000,0.000000,-0.798053
246,go2_001,5080885000000,1776851894387036137,1776851894387902403,30006635304832,1776846813502.036,0.866,49.919,0.680306,-1.043513,0.000000,-1.257643,-0.028103,-0.002612,0.000000,0.000000,0.000000,-0.605046
247,go2_001,5080925000000,1776851894429858318,1776851894438060826,30006685463503,1776846813504.858,8.203,50.158,0.680486,-1.043479,0.000000,-1.276342,-0.025487,-0.002453,0.000000,0.000000,0.000000,-0.546721
248,go2_001,5080965000000,1776851894471014174,1776851894489243864,30006736646333,1776846813506.014,18.230,51.183,0.680645,-1.043453,0.000000,-1.289192,-0.023075,-0.002304,0.000000,0.000000,0.000000,-0.310983
249,go2_001,5081020000000,1776851894535298567,1776851894538084029,30006785486545,1776846813515.299,2.785,48.840,0.681905,-1.039105,0.000000,-1.277370,-0.028444,0.004267,0.000000,0.000000,0.000000,0.213365
250,go2_001,5081060000000,1776851894578926028,1776851894588002758,30006835405353,1776846813518.926,9.077,49.919,0.681238,-1.035908,0.000000,-1.270868,-0.033568,0.005046,0.000000,0.000000,0.000000,0.081975
251,go2_001,5081100000000,1776851894611077183,1776851894637998982,30006885402015,1776846813511.077,26.922,49.996,0.680455,-1.032552,0.000000,-1.283049,-0.038705,0.005506,0.000000,0.000000,0.000000,-0.337465
252,go2_001,5081155000000,1776851894683732610,1776851894688179785,30006935582928,1776846813528.733,4.447,50.181,0.680695,-1.032789,0.000000,-1.344773,-0.033591,0.004787,0.000000,0.000000,0.000000,-0.810211
253,go2_001,5081220000000,1776851894736434776,1776851894738294003,30006985696682,1776846813516.435,1.859,50.114,0.680890,-1.032687,0.000000,-1.380073,-0.029121,0.004160,0.000000,0.000000,0.000000,-0.804626
254,go2_001,5081260000000,1776851894777135053,1776851894788249829,30007035652561,1776846813517.135,11.115,49.956,0.679733,-1.030926,0.000000,-1.429960,-0.031327,0.002034,0.000000,0.000000,0.000000,-1.274901
255,go2_001,5081300000000,1776851894819887927,1776851894838286567,30007085689087,1776846813519.888,18.399,50.037,0.677969,-1.029508,0.000000,-1.475184,-0.032968,-0.001700,0.000000,0.000000,0.000000,-0.809190
256,go2_001,5081355000000,1776851894864807454,1776851894887976138,30007135378767,1776846813509.807,23.169,49.690,0.683381,-1.027041,0.000000,-1.499255,-0.031619,0.011525,0.000000,0.000000,0.000000,-0.425551
257,go2_001,5081410000000,1776851894937321351,1776851894937894348,30007185296816,1776846813527.321,0.573,49.918,0.684775,-1.026857,0.000000,-1.514180,-0.027799,0.012914,0.000000,0.000000,0.000000,-0.399710
258,go2_001,5081450000000,1776851894978008553,1776851894987923787,30007235326124,1776846813528.009,9.915,50.029,0.684910,-1.026943,0.000000,-1.526934,-0.025198,0.011841,0.000000,0.000000,0.000000,-0.371583
259,go2_001,5081510000000,1776851895030911866,1776851895038015637,30007285418344,1776846813520.912,7.104,50.092,0.686044,-1.024770,0.000000,-1.531114,-0.026807,0.013500,0.000000,0.000000,0.000000,-0.068894
260,go2_001,5081550000000,1776851895072179589,1776851895088253190,30007335655906,1776846813522.180,16.074,50.238,0.685314,-1.022116,0.000000,-1.528259,-0.030906,0.011299,0.000000,0.000000,0.000000,0.053727
261,go2_001,5081605000000,1776851895125722093,1776851895138455363,30007385858028,1776846813520.722,12.733,50.202,0.686781,-1.014925,0.000000,-1.540568,-0.043543,0.015100,0.000000,0.000000,0.000000,-0.251797
262,go2_001,5081645000000,1776851895172296646,1776851895188015631,30007435418406,1776846813527.297,15.719,49.560,0.686878,-1.015021,0.000000,-1.561351,-0.039678,0.013836,0.000000,0.000000,0.000000,-0.562539
263,go2_001,5081705000000,1776851895233413785,1776851895238126350,30007485528917,1776846813528.414,4.713,50.111,0.687050,-1.015177,0.000000,-1.622449,-0.034433,0.012118,0.000000,0.000000,0.000000,-0.801085
264,go2_001,5081745000000,1776851895275736732,1776851895288060317,30007535463543,1776846813530.737,12.324,49.934,0.687152,-1.014240,0.000000,-1.661871,-0.033772,0.011123,0.000000,0.000000,0.000000,-1.122276
265,go2_001,5081780000000,1776851895317758605,1776851895338138250,30007585540930,1776846813537.759,20.380,50.078,0.685963,-1.011317,0.000000,-1.713845,-0.038245,0.007321,0.000000,0.000000,0.000000,-1.162814
266,go2_001,5081840000000,1776851895381504190,1776851895388084763,30007635487254,1776846813541.504,6.581,49.947,0.690520,-1.008985,0.000000,-1.750900,-0.038986,0.016365,0.000000,0.000000,0.000000,-0.435017
267,go2_001,5081900000000,1776851895435076036,1776851895437935615,30007685337893,1776846813535.076,2.860,49.851,0.693206,-1.009118,0.000000,-1.770001,-0.034300,0.019737,0.000000,0.000000,0.000000,-0.392869
268,go2_001,5081940000000,1776851895477807934,1776851895488008897,30007735411444,1776846813537.808,10.201,50.073,0.693332,-1.009297,0.000000,-1.784635,-0.031107,0.018070,0.000000,0.000000,0.000000,-0.398044
269,go2_001,5081995000000,1776851895532331964,1776851895538171816,30007785574323,1776846813537.332,5.840,50.163,0.695809,-1.007967,0.000000,-1.796652,-0.031496,0.021193,0.000000,0.000000,0.000000,-0.225211
270,go2_001,5082040000000,1776851895573754014,1776851895588434916,30007835837389,1776846813533.754,14.681,50.263,0.697440,-1.003306,0.000000,-1.798694,-0.039898,0.021345,0.000000,0.000000,0.000000,-0.102301
271,go2_001,5082100000000,1776851895637850308,1776851895638094756,30007885497657,1776846813537.850,0.244,49.660,0.698482,-0.996474,0.000000,-1.816169,-0.051218,0.018625,0.000000,0.000000,0.000000,-0.360144
272,go2_001,5082140000000,1776851895678791129,1776851895687966449,30007935368810,1776846813538.791,9.175,49.872,0.698583,-0.996673,0.000000,-1.842546,-0.046621,0.017009,0.000000,0.000000,0.000000,-0.502724
273,go2_001,5082180000000,1776851895720001081,1776851895737988008,30007985390528,1776846813540.001,17.987,50.022,0.698678,-0.996864,0.000000,-1.866480,-0.042384,0.015518,0.000000,0.000000,0.000000,-0.554284
274,go2_001,5082235000000,1776851895782560082,1776851895788106736,30008035509678,1776846813547.560,5.547,50.119,0.698932,-0.996174,0.000000,-1.912195,-0.039385,0.013490,0.000000,0.000000,0.000000,-1.075604
275,go2_001,5082295000000,1776851895824130663,1776851895837964336,30008085366949,1776846813529.131,13.834,49.858,0.699666,-0.994232,0.000000,-1.981841,-0.039228,0.011742,0.000000,0.000000,0.000000,-1.025550
276,go2_001,5082335000000,1776851895876614134,1776851895888655258,30008136058505,1776846813541.614,12.041,50.691,0.699778,-0.992420,0.000000,-1.988392,-0.040157,0.009348,0.000000,0.000000,0.000000,-0.530328
277,go2_001,5082375000000,1776851895918823597,1776851895938017428,30008185420039,1776846813543.824,19.194,49.362,0.701637,-0.993210,0.000000,-2.003214,-0.036237,0.012667,0.000000,0.000000,0.000000,-0.347002
278,go2_001,5082430000000,1776851895982104485,1776851895987963182,30008235365622,1776846813552.104,5.859,49.946,0.701660,-0.993597,0.000000,-2.030791,-0.031221,0.010972,0.000000,0.000000,0.000000,-0.516425
279,go2_001,5082490000000,1776851896027164284,1776851896038187448,30008285591245,1776846813537.164,11.023,50.224,0.703410,-0.993449,0.000000,-2.051005,-0.028968,0.012849,0.000000,0.000000,0.000000,-0.258199
280,go2_001,5082530000000,1776851896081178364,1776851896088121263,30008335523796,1776846813551.178,6.943,49.934,0.704569,-0.991747,0.000000,-2.045103,-0.031056,0.012492,0.000000,0.000000,0.000000,-0.036017
281,go2_001,5082570000000,1776851896126117736,1776851896138046156,30008385448932,1776846813556.118,11.928,49.925,0.705546,-0.989233,0.000000,-2.051507,-0.034675,0.011070,0.000000,0.000000,0.000000,-0.203978
282,go2_001,5082610000000,1776851896147329038,1776851896187961270,30008435363934,1776846813537.329,40.632,49.915,0.702376,-0.987582,0.000000,-2.065228,-0.032244,0.001459,0.000000,0.000000,0.000000,-0.323336
283,go2_001,5082645000000,1776851896189481324,1776851896238017609,30008485420283,1776846813544.481,48.536,50.056,0.702356,-0.987809,0.000000,-2.081064,-0.029168,0.001215,0.000000,0.000000,0.000000,-0.423633
284,go2_001,5082735000000,1776851896285126754,1776851896288241844,30008535644767,1776846813550.127,3.115,50.224,0.703453,-0.987126,0.000000,-2.168683,-0.025616,0.001671,0.000000,0.000000,0.000000,-0.842636
285,go2_001,5082755000000,1776851896317806097,1776851896338039520,30008585441920,1776846813562.806,20.233,49.798,0.703865,-0.986631,0.000000,-2.184776,-0.025885,0.001736,0.000000,0.000000,0.000000,-1.193683
286,go2_001,5082820000000,1776851896372414865,1776851896388159921,30008635562393,1776846813552.415,15.745,50.120,0.702433,-0.985809,0.000000,-2.232804,-0.022043,-0.003198,0.000000,0.000000,0.000000,-0.589002
287,go2_001,5082880000000,1776851896435788889,1776851896438325411,30008685727839,1776846813555.789,2.537,50.165,0.701761,-0.984777,0.000000,-2.259331,-0.020006,-0.005937,0.000000,0.000000,0.000000,-0.449965
288,go2_001,5082920000000,1776851896476334571,1776851896488047949,30008735450487,1776846813556.334,11.713,49.723,0.701850,-0.984845,0.000000,-2.272243,-0.017890,-0.005589,0.000000,0.000000,0.000000,-0.339644
289,go2_001,5082980000000,1776851896532021551,1776851896537955688,30008785358463,1776846813552.021,5.934,49.908,0.701956,-0.984933,0.000000,-2.282441,-0.015030,-0.005107,0.000000,0.000000,0.000000,-0.080884
290,go2_001,5083020000000,1776851896573851100,1776851896588009326,30008835412101,1776846813553.851,14.158,50.054,0.703006,-0.982550,0.000000,-2.285488,-0.019343,-0.006246,0.000000,0.000000,0.000000,-0.090421
291,go2_001,5083080000000,1776851896635947969,1776851896638077061,30008885479524,1776846813555.948,2.129,50.068,0.705666,-0.978836,0.000000,-2.299952,-0.026877,-0.005942,0.000000,0.000000,0.000000,-0.344700
